ambito,region,provincia,distrito,numero_local,nombre_local,estado_mesa_pdf,numero_mesa,presidencial_estado_acta,presidencial_electores_habiles,presidencial_votos_emitidos,presidencial_votos_validos,presidencial_participacion_pct,presidencial_centro_poblado,presidencial_local_web,presidencial_alianza_electoral_venceremos,presidencial_partido_patriotico_del_peru,presidencial_partido_civico_obras,presidencial_frente_popular_agricola_fia_del_peru,presidencial_partido_democrata_verde,presidencial_partido_del_buen_gobierno,presidencial_partido_politico_peru_accion,presidencial_partido_politico_prin,presidencial_progresemos,presidencial_partido_sicreo,presidencial_partido_pais_para_todos,presidencial_partido_frente_de_la_esperanza_2021,presidencial_partido_politico_nacional_peru_libre,presidencial_partido_ciudadanos_por_el_peru,presidencial_primero_la_gente_comunidad_ecologia_libertad_y_progreso,presidencial_juntos_por_el_peru,presidencial_podemos_peru,presidencial_partido_democratico_federal,presidencial_fe_en_el_peru,presidencial_partido_politico_integridad_democratica,presidencial_fuerza_popular,presidencial_alianza_para_el_progreso,presidencial_partido_politico_cooperacion_popular,presidencial_ahora_nacion_an,presidencial_libertad_popular,presidencial_un_camino_diferente,presidencial_avanza_pais_partido_de_integracion_social,presidencial_peru_moderno,presidencial_partido_politico_peru_primero,presidencial_salvemos_al_peru,presidencial_partido_democratico_somos_peru,presidencial_partido_aprista_peruano,presidencial_renovacion_popular,presidencial_partido_democrata_unido_peru,presidencial_fuerza_y_libertad,presidencial_partido_de_los_trabajadores_y_emprendedores_pte_peru,presidencial_unidad_nacional,presidencial_partido_morado,presidencial_votos_blanco,presidencial_votos_nulos,presidencial_votos_impugnados
PERÚ,AMAZONAS,CONDORCANQUI,EL CENEPA,123,IE 16741,Instalada,900087,Para envío al JEE,246,,,0.0,KUSUKUBAIM,IE 16741,0,0,0,0,0,0,0,0,0,0,0,0,0,0,0,0,0,0,0,0,0,0,0,0,0,0,0,0,0,0,0,0,0,0,0,0,0,0,0,0,0
PERÚ,AMAZONAS,UTCUBAMBA,BAGUA GRANDE,50012,IE JORGE CHAVEZ BERTNELLI,Instalada,900110,Para envío al JEE,296,,,0.0,ÑUNYAJALCA,IE JORGE CHAVEZ BERTNELLI,0,0,0,0,0,0,0,0,0,0,0,0,0,0,0,0,0,0,0,0,0,0,0,0,0,0,0,0,0,0,0,0,0,0,0,0,0,0,0,0,0
PERÚ,AMAZONAS,UTCUBAMBA,BAGUA GRANDE,53320,IE MANUEL SEOANE CORRALES,Instalada,900124,Para envío al JEE,214,,,0.0,BUENA VISTA,IE MANUEL SEOANE CORRALES,0,0,0,0,0,0,0,0,0,0,0,0,0,0,0,0,0,0,0,0,0,0,0,0,0,0,0,0,0,0,0,0,0,0,0,0,0,0,0,0,0
PERÚ,AMAZONAS,UTCUBAMBA,CAJARURO,50018,IE JULIO PONCE ANTUNEZ DE MAYOLO,Instalada,900147,Para envío al JEE,250,,,0.0,SAN CRISTOBAL,IE JULIO PONCE ANTUNEZ DE MAYOLO,0,0,0,0,0,0,0,0,0,0,0,0,0,0,0,0,0,0,0,0,0,0,0,0,0,0,0,0,0,0,0,0,0,0,0,0,0,0,0,0,0
PERÚ,AMAZONAS,UTCUBAMBA,LONYA GRANDE,55098,IE CP 16265 ROBLEPAMPA,Instalada,900171,Para envío al JEE,294,,,0.0,ROBLEPAMPA,IE CP 16265 ROBLEPAMPA,0,0,0,0,0,0,0,0,0,0,0,0,0,0,0,0,0,0,0,0,0,0,0,0,0,0,0,0,0,0,0,0,0,0,0,0,0,0,0,0,0
PERÚ,AMAZONAS,LUYA,COCABAMBA,6706,IE 18269,Instalada,900200,Para envío al JEE,157,,,0.0,SAN JUAN DE QUISQUIS,IE 18269,0,0,0,0,0,0,0,0,0,0,0,0,0,0,0,0,0,0,0,0,0,0,0,0,0,0,0,0,0,0,0,0,0,0,0,0,0,0,0,0,0
PERÚ,AMAZONAS,RODRIGUEZ DE MENDOZA,OMIA,100,IE 18331 JOSE CARLOS MARIATEGUI,Instalada,900227,Contabilizada,247,203,147,82.186,NUEVO CHIRIMOTO,IE 18331 JOSE CARLOS MARIATEGUI,6,2,10,0,3,7,1,0,1,0,2,2,4,0,2,48,3,0,0,0,24,4,1,6,1,1,0,0,2,0,3,0,12,1,0,0,0,1,42,14,0
PERÚ,ANCASH,CASMA,BUENA VISTA ALTA,19051,IE 88111 JOSE FAUSTINO SANCHEZ CARRION,Instalada,900240,Para envío al JEE,252,,,0.0,HUANCHUY,IE 88111 JOSE FAUSTINO SANCHEZ CARRION,0,0,0,0,0,0,0,0,0,0,0,0,0,0,0,0,0,0,0,0,0,0,0,0,0,0,0,0,0,0,0,0,0,0,0,0,0,0,0,0,0
PERÚ,ANCASH,HUARMEY,MALVAS,420,IE 86142 SABIO SANTIAGO ANTUNEZ DE MAYOLO,Instalada,900249,Para envío al JEE,214,,,0.0,SAN MIGUEL,IE 86142 SABIO SANTIAGO ANTUNEZ DE MAYOLO,0,0,0,0,0,0,0,0,0,0,0,0,0,0,0,0,0,0,0,0,0,0,0,0,0,0,0,0,0,0,0,0,0,0,0,0,0,0,0,0,0
PERÚ,ANCASH,HUARI,HUARI,55022,IE 86330 - AMPAS,Instalada,900343,Para envío al JEE,229,,,0.0,AMPAS,IE 86330 - AMPAS,0,0,0,0,0,0,0,0,0,0,0,0,0,0,0,0,0,0,0,0,0,0,0,0,0,0,0,0,0,0,0,0,0,0,0,0,0,0,0,0,0
PERÚ,ANCASH,HUARI,SAN MARCOS,50038,IE 86384,Instalada,900375,Para envío al JEE,292,,,0.0,PICHIU QUINHUARAGRA,IE 86384,0,0,0,0,0,0,0,0,0,0,0,0,0,0,0,0,0,0,0,0,0,0,0,0,0,0,0,0,0,0,0,0,0,0,0,0,0,0,0,0,0
PERÚ,ANCASH,ANTONIO RAIMONDI,MIRGAS,54103,IE 86737 JORGE NONNI MAINETTI,Instalada,900407,Contabilizada,289,223,135,77.163,SAN ANTONIO DE ACO,IE 86737 JORGE NONNI MAINETTI,2,0,12,0,0,0,0,1,0,1,0,2,1,0,0,83,11,0,0,0,5,1,2,9,1,0,1,0,1,0,0,0,1,1,0,0,0,0,58,30,0
PERÚ,ANCASH,ANTONIO RAIMONDI,MIRGAS,54104,IE 86738 EL AMAUTA JOSÉ MARÍA ARGUEDAS ALTAMIRANO,Instalada,900409,Para envío al JEE,187,,,0.0,SAN MARTIN DE PUNCA,IE 86738 EL AMAUTA JOSÉ MARÍA ARGUEDAS ALTAMIRANO,0,0,0,0,0,0,0,0,0,0,0,0,0,0,0,0,0,0,0,0,0,0,0,0,0,0,0,0,0,0,0,0,0,0,0,0,0,0,0,0,0
PERÚ,ANCASH,CARLOS FERMIN FITZCARRALD,SAN NICOLAS,40958,IEI 330 RANCHAJ,Instalada,900424,Para envío al JEE,213,,,0.0,RANCHAJ,IEI 330 RANCHAJ,0,0,0,0,0,0,0,0,0,0,0,0,0,0,0,0,0,0,0,0,0,0,0,0,0,0,0,0,0,0,0,0,0,0,0,0,0,0,0,0,0
PERÚ,ANCASH,ASUNCION,ACOCHACA,50025,IE MARIA AUXILIADORA,Instalada,900430,Para envío al JEE,201,,,0.0,SAPCHA,IE MARIA AUXILIADORA,0,0,0,0,0,0,0,0,0,0,0,0,0,0,0,0,0,0,0,0,0,0,0,0,0,0,0,0,0,0,0,0,0,0,0,0,0,0,0,0,0
PERÚ,ANCASH,SIHUAS,HUAYLLABAMBA,54575,IE 84257 PATRON SAN MIGUEL ARCANGEL,Instalada,900547,Para envío al JEE,244,,,0.0,PACHAVILCA,IE 84257 PATRON SAN MIGUEL ARCANGEL,0,0,0,0,0,0,0,0,0,0,0,0,0,0,0,0,0,0,0,0,0,0,0,0,0,0,0,0,0,0,0,0,0,0,0,0,0,0,0,0,0
PERÚ,ANCASH,SIHUAS,QUICHES,55077,IE 84183 VICTOR ANDRES ROJAS FLORES,Instalada,900549,Para envío al JEE,254,,,0.0,CONDORCERRO,IE 84183 VICTOR ANDRES ROJAS FLORES,0,0,0,0,0,0,0,0,0,0,0,0,0,0,0,0,0,0,0,0,0,0,0,0,0,0,0,0,0,0,0,0,0,0,0,0,0,0,0,0,0
PERÚ,ANCASH,SIHUAS,RAGASH,51917,IE 84210 JOSE OLAYA,Instalada,900555,Contabilizada,174,136,95,78.161,QUINGAO,IE 84210 JOSE OLAYA,1,1,5,0,1,0,0,0,0,0,1,0,2,0,0,64,7,0,0,0,1,0,0,1,1,0,0,0,0,0,5,0,1,4,0,0,0,0,28,13,0
PERÚ,ANCASH,SIHUAS,SAN JUAN,373,IE 84228 JOSE ANTONIO ENCINAS,Instalada,900559,Contabilizada,238,165,102,69.328,PARIASHPAMPA,IE 84228 JOSE ANTONIO ENCINAS,1,0,5,0,2,1,0,0,0,0,3,2,0,0,0,47,17,0,2,0,13,1,0,0,0,0,0,1,0,0,4,0,1,2,0,0,0,0,43,20,0
PERÚ,ANCASH,SIHUAS,SAN JUAN,50045,IE 84227 SAN ANTONIO,Instalada,900566,Contabilizada,255,183,99,71.765,CHINCHOBAMBA,IE 84227 SAN ANTONIO,2,1,3,0,1,1,1,0,1,0,4,4,1,0,0,40,9,0,0,0,20,2,0,4,0,0,0,0,1,0,4,0,0,0,0,0,0,0,60,24,0
PERÚ,ANCASH,PALLASCA,PAMPAS,283,IE 88186,Instalada,900608,Contabilizada,294,187,140,63.605,MONGON,IE 88186,1,2,6,0,0,0,0,0,1,0,0,0,0,0,0,113,7,0,1,0,1,0,1,0,0,2,0,0,0,0,4,0,1,0,0,0,0,0,43,4,0
PERÚ,ANCASH,SANTA,CHIMBOTE,8339,IE 88046 JOSE CARLOS MARIATEGUI,Instalada,900621,Para envío al JEE,280,,,0.0,CAMBIO PUENTE Y ANEXOS,IE 88046 JOSE CARLOS MARIATEGUI,0,0,0,0,0,0,0,0,0,0,0,0,0,0,0,0,0,0,0,0,0,0,0,0,0,0,0,0,0,0,0,0,0,0,0,0,0,0,0,0,0
PERÚ,APURIMAC,CHINCHEROS,ANCO HUALLO,564,IE MIGUEL GRAU SEMINARIO,Instalada,900755,Para envío al JEE,156,,,0.0,MUÑAPUCRO,IE MIGUEL GRAU SEMINARIO,0,0,0,0,0,0,0,0,0,0,0,0,0,0,0,0,0,0,0,0,0,0,0,0,0,0,0,0,0,0,0,0,0,0,0,0,0,0,0,0,0
PERÚ,APURIMAC,COTABAMBAS,TAMBOBAMBA,526,IE 50650 DE ASACASI,Instalada,900767,Para envío al JEE,169,,,0.0,ASACASI,IE 50650 DE ASACASI,0,0,0,0,0,0,0,0,0,0,0,0,0,0,0,0,0,0,0,0,0,0,0,0,0,0,0,0,0,0,0,0,0,0,0,0,0,0,0,0,0
PERÚ,AYACUCHO,HUAMANGA,VINCHOS,51440,IE JOSE OLAYA - PUTAQA,Instalada,900936,Contabilizada,294,230,161,78.231,PUTACCA,IE JOSE OLAYA - PUTAQA,7,1,4,0,0,1,0,0,3,0,0,1,3,0,0,101,3,0,2,0,11,2,2,6,4,0,0,0,2,0,1,0,5,2,0,0,0,0,47,22,0
PERÚ,AYACUCHO,HUAMANGA,ACOCRO,53689,IE CORONEL SANTIAGO MARCELINO CARREÑO,Instalada,900952,Para envío al JEE,237,,,0.0,JESUS NAZARENO DE CHONTACA,IE CORONEL SANTIAGO MARCELINO CARREÑO,0,0,0,0,0,0,0,0,0,0,0,0,0,0,0,0,0,0,0,0,0,0,0,0,0,0,0,0,0,0,0,0,0,0,0,0,0,0,0,0,0
PERÚ,CAJAMARCA,CAJABAMBA,SITACOCHA,5683,IE 82389,Instalada,901184,Para envío al JEE,203,,,0.0,HUAMBORCO,IE 82389,0,0,0,0,0,0,0,0,0,0,0,0,0,0,0,0,0,0,0,0,0,0,0,0,0,0,0,0,0,0,0,0,0,0,0,0,0,0,0,0,0
PERÚ,CAJAMARCA,CAJABAMBA,SITACOCHA,52285,IE 82388,Instalada,901185,Para envío al JEE,225,,,0.0,SANTA ROSA DE CRISNEJAS,IE 82388,0,0,0,0,0,0,0,0,0,0,0,0,0,0,0,0,0,0,0,0,0,0,0,0,0,0,0,0,0,0,0,0,0,0,0,0,0,0,0,0,0
PERÚ,CAJAMARCA,CELENDIN,CORTEGANA,1095,IE ABRAHAM VALDELOMAR,Instalada,901189,Contabilizada,212,126,88,59.434,VILLANUEVA,IE ABRAHAM VALDELOMAR,0,0,6,0,2,0,0,0,0,0,0,0,0,0,0,66,5,0,0,0,8,0,0,0,0,0,1,0,0,0,0,0,0,0,0,0,0,0,27,11,0
PERÚ,CAJAMARCA,CELENDIN,HUASMIN,1099,IE JEREZ,Instalada,901200,Contabilizada,234,77,57,32.906,JEREZ,IE JEREZ,0,0,7,0,0,0,0,1,0,1,0,0,0,0,0,41,0,0,0,0,1,0,1,1,0,0,0,0,3,1,0,0,0,0,0,0,0,0,20,0,0
PERÚ,CAJAMARCA,CELENDIN,HUASMIN,50073,IE 821056,Instalada,901212,Contabilizada,238,166,120,69.748,SANTA ROSA,IE 821056,0,0,5,0,0,1,1,1,0,0,1,0,3,0,1,94,3,0,0,0,2,0,0,0,0,0,0,0,4,1,0,0,3,0,0,0,0,0,36,10,0
PERÚ,CAJAMARCA,CELENDIN,HUASMIN,50073,IE 821056,Instalada,901214,Contabilizada,270,209,160,77.407,SANTA ROSA,IE 821056,0,1,7,0,0,0,0,0,0,0,0,0,2,0,0,133,2,0,0,0,6,0,1,0,0,0,0,0,6,0,1,0,0,1,0,0,0,0,32,17,0
PERÚ,CAJAMARCA,CELENDIN,SOROCHUCO,55196,IE 82426 - CCPP SAN JUAN DE REJOPAMPA,Instalada,901250,Para envío al JEE,251,,,0.0,SAN JUAN DE REJOPAMPA,IE 82426 - CCPP SAN JUAN DE REJOPAMPA,0,0,0,0,0,0,0,0,0,0,0,0,0,0,0,0,0,0,0,0,0,0,0,0,0,0,0,0,0,0,0,0,0,0,0,0,0,0,0,0,0
PERÚ,CAJAMARCA,SAN MARCOS,JOSE SABOGAL,1325,IE ABEL CALDERON CARRERA,Instalada,901297,Para envío al JEE,254,,,0.0,MALAT,IE ABEL CALDERON CARRERA,0,0,0,0,0,0,0,0,0,0,0,0,0,0,0,0,0,0,0,0,0,0,0,0,0,0,0,0,0,0,0,0,0,0,0,0,0,0,0,0,0
PERÚ,CAJAMARCA,CHOTA,TACABAMBA,1188,IE 10460,Instalada,901357,Para envío al JEE,277,,,0.0,PUCARA,IE 10460,0,0,0,0,0,0,0,0,0,0,0,0,0,0,0,0,0,0,0,0,0,0,0,0,0,0,0,0,0,0,0,0,0,0,0,0,0,0,0,0,0
PERÚ,CAJAMARCA,CHOTA,SAN JUAN DE LICUPIS,7267,IE 10609,Instalada,901361,Para envío al JEE,162,,,0.0,LAS PAMPAS,IE 10609,0,0,0,0,0,0,0,0,0,0,0,0,0,0,0,0,0,0,0,0,0,0,0,0,0,0,0,0,0,0,0,0,0,0,0,0,0,0,0,0,0
PERÚ,CAJAMARCA,CHOTA,CHALAMARCA,50075,IE 10526 EL VERDE,Instalada,901363,Para envío al JEE,247,,,0.0,EL VERDE,IE 10526 EL VERDE,0,0,0,0,0,0,0,0,0,0,0,0,0,0,0,0,0,0,0,0,0,0,0,0,0,0,0,0,0,0,0,0,0,0,0,0,0,0,0,0,0
PERÚ,CAJAMARCA,HUALGAYOC,BAMBAMARCA,52256,IE 82671 EL TAMBO,Instalada,901376,Para envío al JEE,288,,,0.0,EL TAMBO,IE 82671 EL TAMBO,0,0,0,0,0,0,0,0,0,0,0,0,0,0,0,0,0,0,0,0,0,0,0,0,0,0,0,0,0,0,0,0,0,0,0,0,0,0,0,0,0
PERÚ,CAJAMARCA,HUALGAYOC,BAMBAMARCA,52256,IE 82671 EL TAMBO,Instalada,901380,Para envío al JEE,288,,,0.0,EL TAMBO,IE 82671 EL TAMBO,0,0,0,0,0,0,0,0,0,0,0,0,0,0,0,0,0,0,0,0,0,0,0,0,0,0,0,0,0,0,0,0,0,0,0,0,0,0,0,0,0
PERÚ,CAJAMARCA,HUALGAYOC,BAMBAMARCA,54017,IE SAN FRANCISCO DE ASIS,Instalada,901394,Para envío al JEE,238,,,0.0,LLAUCAN,IE SAN FRANCISCO DE ASIS,0,0,0,0,0,0,0,0,0,0,0,0,0,0,0,0,0,0,0,0,0,0,0,0,0,0,0,0,0,0,0,0,0,0,0,0,0,0,0,0,0
PERÚ,CAJAMARCA,HUALGAYOC,BAMBAMARCA,54697,IE DANIEL ALCIDES CARRION,Instalada,901411,Para envío al JEE,245,,,0.0,EL AUQUE,IE DANIEL ALCIDES CARRION,0,0,0,0,0,0,0,0,0,0,0,0,0,0,0,0,0,0,0,0,0,0,0,0,0,0,0,0,0,0,0,0,0,0,0,0,0,0,0,0,0
PERÚ,CAJAMARCA,CUTERVO,CUTERVO,54134,IE CARLOS MATTA RIVERA,Instalada,901439,Para envío al JEE,281,,,0.0,MAMABAMBA,IE CARLOS MATTA RIVERA,0,0,0,0,0,0,0,0,0,0,0,0,0,0,0,0,0,0,0,0,0,0,0,0,0,0,0,0,0,0,0,0,0,0,0,0,0,0,0,0,0
PERÚ,CAJAMARCA,CUTERVO,CUTERVO,54134,IE CARLOS MATTA RIVERA,Instalada,901441,Para envío al JEE,299,,,0.0,MAMABAMBA,IE CARLOS MATTA RIVERA,0,0,0,0,0,0,0,0,0,0,0,0,0,0,0,0,0,0,0,0,0,0,0,0,0,0,0,0,0,0,0,0,0,0,0,0,0,0,0,0,0
PERÚ,CAJAMARCA,CUTERVO,QUEROCOTILLO,50080,IE SAN MARCOS,Instalada,901454,Para envío al JEE,299,,,0.0,SILLANGATE,IE SAN MARCOS,0,0,0,0,0,0,0,0,0,0,0,0,0,0,0,0,0,0,0,0,0,0,0,0,0,0,0,0,0,0,0,0,0,0,0,0,0,0,0,0,0
PERÚ,CAJAMARCA,JAEN,COLASAY,7362,IE 16090 JOSE CARLOS MARIATEGUI,Instalada,901510,Para envío al JEE,221,,,0.0,CEDRO DEL PASTO,IE 16090 JOSE CARLOS MARIATEGUI,0,0,0,0,0,0,0,0,0,0,0,0,0,0,0,0,0,0,0,0,0,0,0,0,0,0,0,0,0,0,0,0,0,0,0,0,0,0,0,0,0
PERÚ,CAJAMARCA,SAN MIGUEL,NIEPOS,54894,IE 82764,Instalada,901657,Contabilizada,64,55,41,85.938,EL NARANJO,IE 82764,1,1,1,0,2,1,0,0,0,0,0,0,0,0,0,11,1,0,0,0,8,1,0,4,0,0,0,0,0,0,10,0,0,0,0,0,0,0,8,6,0
PERÚ,CAJAMARCA,SAN MIGUEL,SAN GREGORIO,1276,IE HORACIO ZEVALLOS GAMEZ,Instalada,901658,Contabilizada,279,236,166,84.588,CASA BLANCA,IE HORACIO ZEVALLOS GAMEZ,0,1,10,0,1,1,0,0,2,0,4,1,1,0,0,71,3,0,0,0,61,3,0,0,0,1,0,0,0,0,3,0,3,0,0,0,0,0,49,21,0
PERÚ,CAJAMARCA,SAN MIGUEL,EL PRADO,1279,IE 82742,Instalada,901667,Contabilizada,260,209,171,80.385,QUINDEN BAJO,IE 82742,2,0,10,0,3,0,0,1,0,1,5,3,3,0,0,55,4,0,0,0,60,2,0,1,1,0,2,0,8,0,5,0,2,2,0,0,0,1,34,4,0
PERÚ,CUSCO,LA CONVENCION,ECHARATE,1471,IE 50300 VIRGEN DE LAS MERCEDES,Instalada,901830,Para envío al JEE,282,,,0.0,PALMA REAL,IE 50300 VIRGEN DE LAS MERCEDES,0,0,0,0,0,0,0,0,0,0,0,0,0,0,0,0,0,0,0,0,0,0,0,0,0,0,0,0,0,0,0,0,0,0,0,0,0,0,0,0,0
PERÚ,CUSCO,LA CONVENCION,ECHARATE,1482,IE 501108 MEDIO URUBAMBA IVOCHOTE,Instalada,901848,Para envío al JEE,263,,,0.0,IVOCHOTE,IE 501108 MEDIO URUBAMBA IVOCHOTE,0,0,0,0,0,0,0,0,0,0,0,0,0,0,0,0,0,0,0,0,0,0,0,0,0,0,0,0,0,0,0,0,0,0,0,0,0,0,0,0,0
PERÚ,CUSCO,LA CONVENCION,SANTA TERESA,54719,IE VIRGEN DEL CARMEN,Instalada,901856,Para envío al JEE,203,,,0.0,CHAUPIMAYO A SULLUCUYOC,IE VIRGEN DEL CARMEN,0,0,0,0,0,0,0,0,0,0,0,0,0,0,0,0,0,0,0,0,0,0,0,0,0,0,0,0,0,0,0,0,0,0,0,0,0,0,0,0,0
PERÚ,CUSCO,LA CONVENCION,VILCABAMBA,1488,IE 50321 YUVENI,Instalada,901861,Para envío al JEE,283,,,0.0,YUBENI,IE 50321 YUVENI,0,0,0,0,0,0,0,0,0,0,0,0,0,0,0,0,0,0,0,0,0,0,0,0,0,0,0,0,0,0,0,0,0,0,0,0,0,0,0,0,0
PERÚ,CUSCO,LA CONVENCION,MEGANTONI,53506,IE 64553 TICUMPINIA,Por Informar,901884,Para envío al JEE,171,,,0.0,TICUMPINIA,IE 64553 TICUMPINIA,0,0,0,0,0,0,0,0,0,0,0,0,0,0,0,0,0,0,0,0,0,0,0,0,0,0,0,0,0,0,0,0,0,0,0,0,0,0,0,0,0
PERÚ,CUSCO,LA CONVENCION,MEGANTONI,53506,IE 64553 TICUMPINIA,Por Informar,901885,Para envío al JEE,179,,,0.0,TICUMPINIA,IE 64553 TICUMPINIA,0,0,0,0,0,0,0,0,0,0,0,0,0,0,0,0,0,0,0,0,0,0,0,0,0,0,0,0,0,0,0,0,0,0,0,0,0,0,0,0,0
PERÚ,CUSCO,QUISPICANCHI,CCATCA,55233,IE ANDAYAQUE,Instalada,901921,Contabilizada,215,190,153,88.372,ANDAYAQUE,IE ANDAYAQUE,3,1,9,0,0,2,1,0,2,0,0,4,5,0,0,107,5,0,0,0,3,0,0,5,0,0,0,1,1,0,2,0,1,0,0,0,1,0,30,7,0
PERÚ,HUANCAVELICA,ACOBAMBA,PAUCARA,7224,IE 36326,Instalada,901978,Para envío al JEE,264,,,0.0,HUACHHUA,IE 36326,0,0,0,0,0,0,0,0,0,0,0,0,0,0,0,0,0,0,0,0,0,0,0,0,0,0,0,0,0,0,0,0,0,0,0,0,0,0,0,0,0
PERÚ,HUANCAVELICA,ANGARAES,LIRCAY,1617,IE RICARDO PALMA,Instalada,902001,Para envío al JEE,276,,,0.0,CARHUAPATA,IE RICARDO PALMA,0,0,0,0,0,0,0,0,0,0,0,0,0,0,0,0,0,0,0,0,0,0,0,0,0,0,0,0,0,0,0,0,0,0,0,0,0,0,0,0,0
PERÚ,HUANCAVELICA,ANGARAES,ANCHONGA,1618,IE DANIEL ALCIDES CARRION,Instalada,902005,Para envío al JEE,200,,,0.0,SAN PABLO DE OCCO,IE DANIEL ALCIDES CARRION,0,0,0,0,0,0,0,0,0,0,0,0,0,0,0,0,0,0,0,0,0,0,0,0,0,0,0,0,0,0,0,0,0,0,0,0,0,0,0,0,0
PERÚ,HUANCAVELICA,HUANCAVELICA,NUEVO OCCORO,1587,IE 36097 TANSIRI,Instalada,902079,Contabilizada,68,56,35,82.353,TANSIRI,IE 36097 TANSIRI,2,2,4,0,0,1,0,0,0,0,0,2,1,0,0,12,2,0,0,0,1,0,1,5,1,0,0,0,0,0,1,0,0,0,0,0,0,0,14,7,0
PERÚ,HUANCAVELICA,HUAYTARA,PILPICHACA,1693,IE TECNICO AGROPECUARIO ARTESANAL,Instalada,902117,Para envío al JEE,217,,,0.0,LLILLINTA,IE TECNICO AGROPECUARIO ARTESANAL,0,0,0,0,0,0,0,0,0,0,0,0,0,0,0,0,0,0,0,0,0,0,0,0,0,0,0,0,0,0,0,0,0,0,0,0,0,0,0,0,0
PERÚ,HUANCAVELICA,CHURCAMPA,ANCO,55142,IE 31345 DOMINGO SAVIO,Instalada,902177,Para envío al JEE,176,,,0.0,SAN ANTONIO DE PAMPASPATA,IE 31345 DOMINGO SAVIO,0,0,0,0,0,0,0,0,0,0,0,0,0,0,0,0,0,0,0,0,0,0,0,0,0,0,0,0,0,0,0,0,0,0,0,0,0,0,0,0,0
PERÚ,HUANUCO,HUANUCO,SANTA MARIA DEL VALLE,1751,IE 32743 SANTA ROSA DE LIMA,Instalada,902314,Para envío al JEE,265,,,0.0,SANTA ROSA DE SIRABAMBA,IE 32743 SANTA ROSA DE LIMA,0,0,0,0,0,0,0,0,0,0,0,0,0,0,0,0,0,0,0,0,0,0,0,0,0,0,0,0,0,0,0,0,0,0,0,0,0,0,0,0,0
PERÚ,HUANUCO,AMBO,COLPAS,1770,IEI 32145 JOSE ANTONIO ENCINAS FRANCO,Instalada,902344,Para envío al JEE,246,,,0.0,YAPAC,IEI 32145 JOSE ANTONIO ENCINAS FRANCO,0,0,0,0,0,0,0,0,0,0,0,0,0,0,0,0,0,0,0,0,0,0,0,0,0,0,0,0,0,0,0,0,0,0,0,0,0,0,0,0,0
PERÚ,HUANUCO,PACHITEA,MOLINO,50136,IE 32617 CALLAGAN,Instalada,902389,Para envío al JEE,259,,,0.0,CALLAGAN,IE 32617 CALLAGAN,0,0,0,0,0,0,0,0,0,0,0,0,0,0,0,0,0,0,0,0,0,0,0,0,0,0,0,0,0,0,0,0,0,0,0,0,0,0,0,0,0
PERÚ,HUANUCO,MARAÑON,HUACRACHUCO,7218,IEI 176 HUACHUMAY,Instalada,902410,Para envío al JEE,151,,,0.0,HUACHUMAY,IEI 176 HUACHUMAY,0,0,0,0,0,0,0,0,0,0,0,0,0,0,0,0,0,0,0,0,0,0,0,0,0,0,0,0,0,0,0,0,0,0,0,0,0,0,0,0,0
PERÚ,HUANUCO,PUERTO INCA,PUERTO INCA,1844,IE 32969 PUERTO SUNGARO,Instalada,902446,Contabilizada,282,212,136,75.177,PUERTO SUNGARO,IE 32969 PUERTO SUNGARO,3,0,12,0,2,1,0,0,0,1,8,0,0,0,2,48,3,2,0,0,31,1,1,3,5,0,0,0,1,1,1,1,5,2,1,1,0,0,52,24,0
PERÚ,HUANUCO,PUERTO INCA,PUERTO INCA,7366,IEI 33039 NUEVO PORVENIR,Instalada,902447,Contabilizada,232,181,126,78.017,NUEVO PORVENIR,IEI 33039 NUEVO PORVENIR,3,2,10,0,0,1,0,0,0,0,2,0,2,0,1,55,2,1,1,0,34,0,1,5,2,0,0,0,0,0,0,2,1,1,0,0,0,0,44,11,0
PERÚ,HUANUCO,LAURICOCHA,JESUS,53596,IEI FERMIN PABLO COZ MARTEL,Instalada,902457,Para envío al JEE,248,,,0.0,PARACSHA,IEI FERMIN PABLO COZ MARTEL,0,0,0,0,0,0,0,0,0,0,0,0,0,0,0,0,0,0,0,0,0,0,0,0,0,0,0,0,0,0,0,0,0,0,0,0,0,0,0,0,0
PERÚ,HUANUCO,LAURICOCHA,RONDOS,50133,IE MANUEL MARTEL DIAZ - COSMA,Instalada,902465,Para envío al JEE,172,,,0.0,COSMA,IE MANUEL MARTEL DIAZ - COSMA,0,0,0,0,0,0,0,0,0,0,0,0,0,0,0,0,0,0,0,0,0,0,0,0,0,0,0,0,0,0,0,0,0,0,0,0,0,0,0,0,0
PERÚ,HUANUCO,YAROWILCA,CHORAS,55217,IE INTEGRADA SAN JOSÉ DE TASHGA,Instalada,902478,Para envío al JEE,270,,,0.0,SAN JOSE DE TASHGA,IE INTEGRADA SAN JOSÉ DE TASHGA,0,0,0,0,0,0,0,0,0,0,0,0,0,0,0,0,0,0,0,0,0,0,0,0,0,0,0,0,0,0,0,0,0,0,0,0,0,0,0,0,0
PERÚ,JUNIN,SATIPO,PANGOA,2166,IE 64425 TRES UNIDOS DE MATERENI,Instalada,902511,Para envío al JEE,273,,,0.0,TRES UNIDOS DE MATERENI,IE 64425 TRES UNIDOS DE MATERENI,0,0,0,0,0,0,0,0,0,0,0,0,0,0,0,0,0,0,0,0,0,0,0,0,0,0,0,0,0,0,0,0,0,0,0,0,0,0,0,0,0
PERÚ,JUNIN,SATIPO,RIO TAMBO,7520,IE DANIEL ALCIDES CARRION,Instalada,902561,Para envío al JEE,270,,,0.0,BETANIA,IE DANIEL ALCIDES CARRION,0,0,0,0,0,0,0,0,0,0,0,0,0,0,0,0,0,0,0,0,0,0,0,0,0,0,0,0,0,0,0,0,0,0,0,0,0,0,0,0,0
PERÚ,JUNIN,CHANCHAMAYO,PERENE,2199,IEI PUERTO YURINAKI,Instalada,902583,Para envío al JEE,272,,,0.0,PUERTO YURINAKI,IEI PUERTO YURINAKI,0,0,0,0,0,0,0,0,0,0,0,0,0,0,0,0,0,0,0,0,0,0,0,0,0,0,0,0,0,0,0,0,0,0,0,0,0,0,0,0,0
PERÚ,JUNIN,CHANCHAMAYO,PERENE,2200,IE ADVENTISTA EBEN EZER,Instalada,902586,Para envío al JEE,187,,,0.0,MARANKIARI,IE ADVENTISTA EBEN EZER,0,0,0,0,0,0,0,0,0,0,0,0,0,0,0,0,0,0,0,0,0,0,0,0,0,0,0,0,0,0,0,0,0,0,0,0,0,0,0,0,0
PERÚ,LA LIBERTAD,OTUZCO,CHARAT,2344,IE 80246 JOSE CARLOS MARIATEGUI,Instalada,902686,Contabilizada,213,126,103,59.155,CALLANCAS,IE 80246 JOSE CARLOS MARIATEGUI,4,1,6,0,0,2,1,0,1,1,3,0,2,0,0,16,18,0,0,0,28,5,0,1,1,6,1,1,0,0,1,3,1,0,0,0,0,0,19,4,0
PERÚ,LA LIBERTAD,OTUZCO,SINSICAP,2353,IE 80664 SAN IGNACIO DE LOYOLA,Instalada,902708,Contabilizada,273,183,129,67.033,SAN IGNACIO,IE 80664 SAN IGNACIO DE LOYOLA,3,0,2,0,1,2,1,0,0,1,1,1,3,0,0,72,3,1,1,0,6,9,0,3,1,9,0,0,2,1,0,1,4,1,0,0,0,0,33,21,0
PERÚ,LA LIBERTAD,OTUZCO,SINSICAP,2353,IE 80664 SAN IGNACIO DE LOYOLA,Instalada,902709,Contabilizada,273,186,130,68.132,SAN IGNACIO,IE 80664 SAN IGNACIO DE LOYOLA,2,1,4,0,2,3,0,0,0,0,1,0,1,0,1,60,2,0,0,0,25,11,0,6,0,9,0,0,0,0,0,0,1,0,1,0,0,0,38,18,0
PERÚ,LA LIBERTAD,OTUZCO,USQUIL,6819,IE 80371 ALFONSO ROBLES DE LA CRUZ,Instalada,902725,Contabilizada,272,229,154,84.191,BARRO NEGRO,IE 80371 ALFONSO ROBLES DE LA CRUZ,1,2,8,0,1,0,0,0,0,1,0,2,0,0,1,93,4,0,0,0,26,4,0,2,0,4,0,0,1,0,0,3,0,1,0,0,0,0,53,22,0
PERÚ,LA LIBERTAD,PACASMAYO,GUADALUPE,53623,IE 81563 FRANCISCO SOLANO DEZA ALCANTARA,Instalada,902748,Para envío al JEE,299,,,0.0,LIMONCARRO,IE 81563 FRANCISCO SOLANO DEZA ALCANTARA,0,0,0,0,0,0,0,0,0,0,0,0,0,0,0,0,0,0,0,0,0,0,0,0,0,0,0,0,0,0,0,0,0,0,0,0,0,0,0,0,0
PERÚ,LA LIBERTAD,ASCOPE,CASA GRANDE,52050,IE VICTOR RAUL HAYA DE LA TORRE,Instalada,902760,Para envío al JEE,295,,,0.0,ROMA,IE VICTOR RAUL HAYA DE LA TORRE,0,0,0,0,0,0,0,0,0,0,0,0,0,0,0,0,0,0,0,0,0,0,0,0,0,0,0,0,0,0,0,0,0,0,0,0,0,0,0,0,0
PERÚ,LA LIBERTAD,PATAZ,TAYABAMBA,40374,IE LA VICTORIA TÉCNICO AGROPECUARIO,Instalada,902769,Para envío al JEE,253,,,0.0,LA VICTORIA - CHAQUICOCHA,IE LA VICTORIA TÉCNICO AGROPECUARIO,0,0,0,0,0,0,0,0,0,0,0,0,0,0,0,0,0,0,0,0,0,0,0,0,0,0,0,0,0,0,0,0,0,0,0,0,0,0,0,0,0
PERÚ,LA LIBERTAD,PATAZ,CHILLIA,53487,IE 80480 RICARDO PALMA,Instalada,902772,Para envío al JEE,244,,,0.0,HUAYAUCITO,IE 80480 RICARDO PALMA,0,0,0,0,0,0,0,0,0,0,0,0,0,0,0,0,0,0,0,0,0,0,0,0,0,0,0,0,0,0,0,0,0,0,0,0,0,0,0,0,0
PERÚ,LA LIBERTAD,PATAZ,CHILLIA,53496,IEI 80809 CHINCHUPATA,Instalada,902775,Para envío al JEE,188,,,0.0,CHINCHUPATA,IEI 80809 CHINCHUPATA,0,0,0,0,0,0,0,0,0,0,0,0,0,0,0,0,0,0,0,0,0,0,0,0,0,0,0,0,0,0,0,0,0,0,0,0,0,0,0,0,0
PERÚ,LA LIBERTAD,JULCAN,CALAMARCA,2444,IE 80554 CESAR ABRAHAN VALLEJO MENDOZA,Instalada,902885,Para envío al JEE,243,,,0.0,SICCHAL,IE 80554 CESAR ABRAHAN VALLEJO MENDOZA,0,0,0,0,0,0,0,0,0,0,0,0,0,0,0,0,0,0,0,0,0,0,0,0,0,0,0,0,0,0,0,0,0,0,0,0,0,0,0,0,0
PERÚ,LAMBAYEQUE,FERREÑAFE,CAÑARIS,7317,IEIPSM 10776 JUAN VELASCO ALVARADO,Instalada,902933,Para envío al JEE,231,,,0.0,HUAYABAMBA,IEIPSM 10776 JUAN VELASCO ALVARADO,0,0,0,0,0,0,0,0,0,0,0,0,0,0,0,0,0,0,0,0,0,0,0,0,0,0,0,0,0,0,0,0,0,0,0,0,0,0,0,0,0
PERÚ,LAMBAYEQUE,LAMBAYEQUE,OLMOS,50168,IE 10176 DANIEL ALCIDES CARRION GARCIA,Instalada,903020,Para envío al JEE,229,,,0.0,EL PUEBLITO,IE 10176 DANIEL ALCIDES CARRION GARCIA,0,0,0,0,0,0,0,0,0,0,0,0,0,0,0,0,0,0,0,0,0,0,0,0,0,0,0,0,0,0,0,0,0,0,0,0,0,0,0,0,0
PERÚ,LAMBAYEQUE,LAMBAYEQUE,OLMOS,50169,IE 10177 INTEGRADA EL PUENTE,Instalada,903025,Contabilizada,289,228,163,78.893,EL PUENTE,IE 10177 INTEGRADA EL PUENTE,2,3,29,0,3,4,0,0,0,1,3,2,2,0,1,32,9,1,2,0,43,0,0,5,6,0,0,0,1,0,2,2,7,0,0,0,3,0,59,6,0
PERÚ,LIMA,CANTA,SANTA ROSA DE QUIVES,7164,IE 3510 SAN ANTONIO DE PADUA,Instalada,903122,Contabilizada,264,243,166,92.045,SAN ANTONIO TRAPICHE,IE 3510 SAN ANTONIO DE PADUA,3,1,37,0,2,3,0,0,2,1,4,2,1,0,2,22,3,0,1,0,46,2,2,22,0,1,0,0,0,0,1,0,1,5,0,1,1,0,49,28,0
PERÚ,LIMA,LIMA,PACHACAMAC,3004,IE 7102 SAN FRANCISCO DE ASIS,Por Informar,903206,Para envío al JEE,286,,,0.0,MANCHAY,IE 7102 SAN FRANCISCO DE ASIS,0,0,0,0,0,0,0,0,0,0,0,0,0,0,0,0,0,0,0,0,0,0,0,0,0,0,0,0,0,0,0,0,0,0,0,0,0,0,0,0,0
PERÚ,LIMA,LIMA,PACHACAMAC,3004,IE 7102 SAN FRANCISCO DE ASIS,Por Informar,903209,Para envío al JEE,286,,,0.0,MANCHAY,IE 7102 SAN FRANCISCO DE ASIS,0,0,0,0,0,0,0,0,0,0,0,0,0,0,0,0,0,0,0,0,0,0,0,0,0,0,0,0,0,0,0,0,0,0,0,0,0,0,0,0,0
PERÚ,LIMA,LIMA,PACHACAMAC,3004,IE 7102 SAN FRANCISCO DE ASIS,Por Informar,903214,Para envío al JEE,285,,,0.0,MANCHAY,IE 7102 SAN FRANCISCO DE ASIS,0,0,0,0,0,0,0,0,0,0,0,0,0,0,0,0,0,0,0,0,0,0,0,0,0,0,0,0,0,0,0,0,0,0,0,0,0,0,0,0,0
PERÚ,LIMA,LIMA,PACHACAMAC,7166,IE 7265 JOSE CARLOS MARIATEGUI,Instalada,903216,Para envío al JEE,245,,,0.0,AAHH PORTADA DE MANCHAY - III,IE 7265 JOSE CARLOS MARIATEGUI,0,0,0,0,0,0,0,0,0,0,0,0,0,0,0,0,0,0,0,0,0,0,0,0,0,0,0,0,0,0,0,0,0,0,0,0,0,0,0,0,0
PERÚ,LIMA,LIMA,PACHACAMAC,7166,IE 7265 JOSE CARLOS MARIATEGUI,Instalada,903217,Para envío al JEE,245,,,0.0,AAHH PORTADA DE MANCHAY - III,IE 7265 JOSE CARLOS MARIATEGUI,0,0,0,0,0,0,0,0,0,0,0,0,0,0,0,0,0,0,0,0,0,0,0,0,0,0,0,0,0,0,0,0,0,0,0,0,0,0,0,0,0
PERÚ,LIMA,LIMA,PACHACAMAC,54888,IE PARROQUIAL VIRGEN DEL ROSARIO,Instalada,903231,Para envío al JEE,277,,,0.0,MANCHAY,IE PARROQUIAL VIRGEN DEL ROSARIO,0,0,0,0,0,0,0,0,0,0,0,0,0,0,0,0,0,0,0,0,0,0,0,0,0,0,0,0,0,0,0,0,0,0,0,0,0,0,0,0,0
PERÚ,LIMA,LIMA,LURIGANCHO,2948,IE 1205 ABELARDO QUIÑONEZ,Instalada,903244,Para envío al JEE,274,,,0.0,NIEVERIA,IE 1205 ABELARDO QUIÑONEZ,0,0,0,0,0,0,0,0,0,0,0,0,0,0,0,0,0,0,0,0,0,0,0,0,0,0,0,0,0,0,0,0,0,0,0,0,0,0,0,0,0
PERÚ,LIMA,LIMA,LURIGANCHO,2949,IE 1233 MANUEL FERNANDO CABREL NICHO,Instalada,903249,Para envío al JEE,264,,,0.0,CAJAMARQUILLA,IE 1233 MANUEL FERNANDO CABREL NICHO,0,0,0,0,0,0,0,0,0,0,0,0,0,0,0,0,0,0,0,0,0,0,0,0,0,0,0,0,0,0,0,0,0,0,0,0,0,0,0,0,0
PERÚ,LIMA,LIMA,LURIGANCHO,2949,IE 1233 MANUEL FERNANDO CABREL NICHO,Instalada,903253,Contabilizada,297,254,211,85.522,CAJAMARQUILLA,IE 1233 MANUEL FERNANDO CABREL NICHO,1,5,26,0,2,25,1,0,0,7,20,5,1,0,5,15,3,0,0,2,35,0,3,15,0,0,0,0,2,0,1,0,32,5,0,0,0,0,35,8,0
PERÚ,LIMA,YAUYOS,VIÑAC,3751,IE INTEGRADO 20196 SAN MIGUEL ARCANGEL,Instalada,903313,Contabilizada,281,193,157,68.683,SAN MIGUEL DE APURI,IE INTEGRADO 20196 SAN MIGUEL ARCANGEL,0,2,8,0,2,1,1,1,1,0,1,1,1,0,0,74,6,1,2,0,30,0,1,17,1,0,0,0,2,1,1,0,0,1,1,0,0,0,27,9,0
PERÚ,LIMA,YAUYOS,CATAHUASI,50182,IEI 20780 SAC CANCHAN,Instalada,903315,Contabilizada,221,192,143,86.878,CACHUY CANCHAN,IEI 20780 SAC CANCHAN,3,5,13,0,0,3,2,0,1,6,6,2,0,0,1,38,1,0,0,2,37,1,2,9,0,0,2,0,0,1,0,0,3,4,0,0,0,1,36,13,0
PERÚ,LORETO,MARISCAL RAMON CASTILLA,YAVARI,3956,IE 60082 MARIA ANTONIETA MENDOZA PINTO,Instalada,903457,Para envío al JEE,260,,,0.0,PUERTO ALEGRIA,IE 60082 MARIA ANTONIETA MENDOZA PINTO,0,0,0,0,0,0,0,0,0,0,0,0,0,0,0,0,0,0,0,0,0,0,0,0,0,0,0,0,0,0,0,0,0,0,0,0,0,0,0,0,0
PERÚ,LORETO,MAYNAS,FERNANDO LORES,50196,IE PADRE SEVERINO DESHAIES,Instalada,903478,Para envío al JEE,291,,,0.0,ROSARIO AUCAYO,IE PADRE SEVERINO DESHAIES,0,0,0,0,0,0,0,0,0,0,0,0,0,0,0,0,0,0,0,0,0,0,0,0,0,0,0,0,0,0,0,0,0,0,0,0,0,0,0,0,0
PERÚ,LORETO,MAYNAS,LAS AMAZONAS,3848,IE 60066 VIRGEN DE LOURDES,Instalada,903481,Para envío al JEE,271,,,0.0,YANASHI,IE 60066 VIRGEN DE LOURDES,0,0,0,0,0,0,0,0,0,0,0,0,0,0,0,0,0,0,0,0,0,0,0,0,0,0,0,0,0,0,0,0,0,0,0,0,0,0,0,0,0
PERÚ,LORETO,MAYNAS,LAS AMAZONAS,3848,IE 60066 VIRGEN DE LOURDES,Instalada,903485,Para envío al JEE,291,,,0.0,YANASHI,IE 60066 VIRGEN DE LOURDES,0,0,0,0,0,0,0,0,0,0,0,0,0,0,0,0,0,0,0,0,0,0,0,0,0,0,0,0,0,0,0,0,0,0,0,0,0,0,0,0,0
PERÚ,LORETO,MAYNAS,LAS AMAZONAS,3848,IE 60066 VIRGEN DE LOURDES,Instalada,903486,Para envío al JEE,291,,,0.0,YANASHI,IE 60066 VIRGEN DE LOURDES,0,0,0,0,0,0,0,0,0,0,0,0,0,0,0,0,0,0,0,0,0,0,0,0,0,0,0,0,0,0,0,0,0,0,0,0,0,0,0,0,0
PERÚ,LORETO,MAYNAS,NAPO,53709,IE 60970,Instalada,903496,Para envío al JEE,237,,,0.0,SAN RAFAEL,IE 60970,0,0,0,0,0,0,0,0,0,0,0,0,0,0,0,0,0,0,0,0,0,0,0,0,0,0,0,0,0,0,0,0,0,0,0,0,0,0,0,0,0
PERÚ,LORETO,LORETO,URARINAS,3913,IE 60534 CESAR VALLEJO MENDOZA,Instalada,903536,Para envío al JEE,276,,,0.0,CONCORDIA,IE 60534 CESAR VALLEJO MENDOZA,0,0,0,0,0,0,0,0,0,0,0,0,0,0,0,0,0,0,0,0,0,0,0,0,0,0,0,0,0,0,0,0,0,0,0,0,0,0,0,0,0
PERÚ,LORETO,LORETO,URARINAS,3913,IE 60534 CESAR VALLEJO MENDOZA,Instalada,903538,Para envío al JEE,284,,,0.0,CONCORDIA,IE 60534 CESAR VALLEJO MENDOZA,0,0,0,0,0,0,0,0,0,0,0,0,0,0,0,0,0,0,0,0,0,0,0,0,0,0,0,0,0,0,0,0,0,0,0,0,0,0,0,0,0
PERÚ,LORETO,LORETO,URARINAS,3913,IE 60534 CESAR VALLEJO MENDOZA,Instalada,903540,Para envío al JEE,284,,,0.0,CONCORDIA,IE 60534 CESAR VALLEJO MENDOZA,0,0,0,0,0,0,0,0,0,0,0,0,0,0,0,0,0,0,0,0,0,0,0,0,0,0,0,0,0,0,0,0,0,0,0,0,0,0,0,0,0
PERÚ,LORETO,LORETO,URARINAS,3913,IE 60534 CESAR VALLEJO MENDOZA,Instalada,903542,Para envío al JEE,284,,,0.0,CONCORDIA,IE 60534 CESAR VALLEJO MENDOZA,0,0,0,0,0,0,0,0,0,0,0,0,0,0,0,0,0,0,0,0,0,0,0,0,0,0,0,0,0,0,0,0,0,0,0,0,0,0,0,0,0
PERÚ,LORETO,LORETO,URARINAS,54915,IE 601455,Instalada,903546,Para envío al JEE,191,,,0.0,SANTA ROSA DE SIAMBA,IE 601455,0,0,0,0,0,0,0,0,0,0,0,0,0,0,0,0,0,0,0,0,0,0,0,0,0,0,0,0,0,0,0,0,0,0,0,0,0,0,0,0,0
PERÚ,LORETO,REQUENA,MAQUIA,3924,IE 60711 MONSEÑOR VICTOR DE LA PEÑA PEREZ,Instalada,903565,Para envío al JEE,182,,,0.0,OBRERO I ZONA RIO PUINAHUA,IE 60711 MONSEÑOR VICTOR DE LA PEÑA PEREZ,0,0,0,0,0,0,0,0,0,0,0,0,0,0,0,0,0,0,0,0,0,0,0,0,0,0,0,0,0,0,0,0,0,0,0,0,0,0,0,0,0
PERÚ,LORETO,REQUENA,MAQUIA,53565,IE 60740 VICTORIA ABAD CORREA,Instalada,903568,Para envío al JEE,287,,,0.0,VICTORIA,IE 60740 VICTORIA ABAD CORREA,0,0,0,0,0,0,0,0,0,0,0,0,0,0,0,0,0,0,0,0,0,0,0,0,0,0,0,0,0,0,0,0,0,0,0,0,0,0,0,0,0
PERÚ,LORETO,REQUENA,MAQUIA,55175,IE 60720 NUEVO CARACHAMA,Instalada,903570,Para envío al JEE,222,,,0.0,NUEVO CARACHAMA,IE 60720 NUEVO CARACHAMA,0,0,0,0,0,0,0,0,0,0,0,0,0,0,0,0,0,0,0,0,0,0,0,0,0,0,0,0,0,0,0,0,0,0,0,0,0,0,0,0,0
PERÚ,LORETO,REQUENA,YAQUERANA,53567,IE REMOYACU,Instalada,903575,Para envío al JEE,181,,,0.0,REMOYACU,IE REMOYACU,0,0,0,0,0,0,0,0,0,0,0,0,0,0,0,0,0,0,0,0,0,0,0,0,0,0,0,0,0,0,0,0,0,0,0,0,0,0,0,0,0
PERÚ,LORETO,UCAYALI,CONTAMANA,50198,IE 64585-B NUEVO OLAYA,Instalada,903582,Para envío al JEE,189,,,0.0,NUEVO OLAYA,IE 64585-B NUEVO OLAYA,0,0,0,0,0,0,0,0,0,0,0,0,0,0,0,0,0,0,0,0,0,0,0,0,0,0,0,0,0,0,0,0,0,0,0,0,0,0,0,0,0
PERÚ,LORETO,UCAYALI,PADRE MARQUEZ,50200,IE 601089 - B,Instalada,903589,Para envío al JEE,165,,,0.0,SANTA ANA,IE 601089 - B,0,0,0,0,0,0,0,0,0,0,0,0,0,0,0,0,0,0,0,0,0,0,0,0,0,0,0,0,0,0,0,0,0,0,0,0,0,0,0,0,0
PERÚ,LORETO,UCAYALI,PAMPA HERMOSA,3942,IE 64740 NUEVO LORETO,Instalada,903596,Para envío al JEE,285,,,0.0,NUEVO LORETO,IE 64740 NUEVO LORETO,0,0,0,0,0,0,0,0,0,0,0,0,0,0,0,0,0,0,0,0,0,0,0,0,0,0,0,0,0,0,0,0,0,0,0,0,0,0,0,0,0
PERÚ,LORETO,UCAYALI,SARAYACU,7588,IE MANUEL ASUNCION VILLACREZ-SAMAN,Instalada,903611,Para envío al JEE,215,,,0.0,SAMAN,IE MANUEL ASUNCION VILLACREZ-SAMAN,0,0,0,0,0,0,0,0,0,0,0,0,0,0,0,0,0,0,0,0,0,0,0,0,0,0,0,0,0,0,0,0,0,0,0,0,0,0,0,0,0
PERÚ,MOQUEGUA,GENERAL SANCHEZ CERRO,LLOQUE,55151,IE 43105,Instalada,903657,Contabilizada,246,176,149,71.545,LUCCO,IE 43105,4,1,29,0,2,6,0,1,1,1,3,4,1,0,0,64,3,0,0,0,0,2,5,7,0,0,0,0,7,0,1,0,1,5,0,1,0,0,15,12,0
PERÚ,PASCO,OXAPAMPA,CONSTITUCION,7365,IE FERNANDO BELAUNDE TERRY,Instalada,903685,Contabilizada,229,163,120,71.179,LORENCILLO I,IE FERNANDO BELAUNDE TERRY,0,4,7,0,1,0,1,0,1,0,1,0,3,0,1,35,6,0,0,0,42,5,2,1,0,2,0,0,0,1,1,0,6,0,0,0,0,0,39,4,0
PERÚ,PIURA,PIURA,CATACAOS,6871,IE JOSE CARLOS MARIATEGUI LA CHIRA,Instalada,903707,Para envío al JEE,252,,,0.0,VILLA MONTE CASTILLO,IE JOSE CARLOS MARIATEGUI LA CHIRA,0,0,0,0,0,0,0,0,0,0,0,0,0,0,0,0,0,0,0,0,0,0,0,0,0,0,0,0,0,0,0,0,0,0,0,0,0,0,0,0,0
PERÚ,PIURA,PIURA,LA UNION,50215,IE ALMIRANTE MIGUEL GRAU,Instalada,903740,Para envío al JEE,284,,,0.0,19 DE AGOSTO,IE ALMIRANTE MIGUEL GRAU,0,0,0,0,0,0,0,0,0,0,0,0,0,0,0,0,0,0,0,0,0,0,0,0,0,0,0,0,0,0,0,0,0,0,0,0,0,0,0,0,0
PERÚ,PIURA,PIURA,TAMBO GRANDE,7187,IE 14146 VILLA LA PEÑITA,Instalada,903758,Contabilizada,280,263,175,93.929,VILLA LA PEÑITA,IE 14146 VILLA LA PEÑITA,2,5,10,0,3,3,2,0,1,1,6,1,1,0,3,4,2,0,0,0,112,4,2,0,0,0,0,0,7,0,0,0,5,0,0,0,1,0,70,18,0
PERÚ,PIURA,PIURA,TAMBO GRANDE,50216,IE HORACIO ZEBALLOS GÁMEZ,Instalada,903783,Para envío al JEE,272,,,0.0,MALINGAS,IE HORACIO ZEBALLOS GÁMEZ,0,0,0,0,0,0,0,0,0,0,0,0,0,0,0,0,0,0,0,0,0,0,0,0,0,0,0,0,0,0,0,0,0,0,0,0,0,0,0,0,0
PERÚ,PIURA,PIURA,TAMBO GRANDE,50216,IE HORACIO ZEBALLOS GÁMEZ,Instalada,903788,Para envío al JEE,271,,,0.0,MALINGAS,IE HORACIO ZEBALLOS GÁMEZ,0,0,0,0,0,0,0,0,0,0,0,0,0,0,0,0,0,0,0,0,0,0,0,0,0,0,0,0,0,0,0,0,0,0,0,0,0,0,0,0,0
PERÚ,PIURA,PIURA,TAMBO GRANDE,55055,IE 15434 JESUS DE NAZARETH,Instalada,903796,Contabilizada,286,258,141,90.21,SAN MARTIN CP3,IE 15434 JESUS DE NAZARETH,3,4,15,0,2,1,0,1,1,4,15,0,2,0,4,23,3,0,0,0,33,0,2,7,1,2,2,0,7,0,6,1,1,1,0,0,0,0,61,56,0
PERÚ,PIURA,PIURA,CURA MORI,15418,IE 20469,Instalada,903807,Contabilizada,297,268,211,90.236,ALMIRANTE GRAU,IE 20469,2,4,15,0,0,3,0,0,1,0,8,1,1,0,2,24,3,0,1,1,134,0,0,2,0,0,0,0,3,0,0,1,4,1,0,0,0,0,45,12,0
PERÚ,PIURA,HUANCABAMBA,HUANCABAMBA,50206,IE 15454 MARIO VARGAS LLOSA,Instalada,903812,Para envío al JEE,265,,,0.0,HUAMANI,IE 15454 MARIO VARGAS LLOSA,0,0,0,0,0,0,0,0,0,0,0,0,0,0,0,0,0,0,0,0,0,0,0,0,0,0,0,0,0,0,0,0,0,0,0,0,0,0,0,0,0
PERÚ,PIURA,HUANCABAMBA,EL CARMEN DE LA FRONTERA,6852,IE 14460 JUAN VELASCO ALVARADO,Instalada,903907,Para envío al JEE,295,,,0.0,TALANEO,IE 14460 JUAN VELASCO ALVARADO,0,0,0,0,0,0,0,0,0,0,0,0,0,0,0,0,0,0,0,0,0,0,0,0,0,0,0,0,0,0,0,0,0,0,0,0,0,0,0,0,0
PERÚ,PIURA,PAITA,PAITA,54354,CENTRO DE EDUCACIÓN INFANTIL Y DESARROLLO SOCIAL IE 14100 ANEXO INICIAL,Instalada,903960,Contabilizada,243,210,161,86.42,LA TORTUGA,CENTRO DE EDUCACIÓN INFANTIL Y DESARROLLO SOCIAL IE 14100 ANEXO INICIAL,0,9,3,0,0,5,0,0,0,0,3,1,0,0,2,2,0,0,0,0,129,2,0,3,0,0,0,0,0,0,0,0,2,0,0,0,0,0,38,11,0
PERÚ,PIURA,PAITA,PAITA,54516,CPED 14745,Instalada,903966,Para envío al JEE,284,,,0.0,LA ISLILLA,CPED 14745,0,0,0,0,0,0,0,0,0,0,0,0,0,0,0,0,0,0,0,0,0,0,0,0,0,0,0,0,0,0,0,0,0,0,0,0,0,0,0,0,0
PERÚ,PIURA,AYABACA,AYABACA,53606,IE TEOFILO FLORES HUAMAN,Instalada,904006,Para envío al JEE,244,,,0.0,EL TOLDO,IE TEOFILO FLORES HUAMAN,0,0,0,0,0,0,0,0,0,0,0,0,0,0,0,0,0,0,0,0,0,0,0,0,0,0,0,0,0,0,0,0,0,0,0,0,0,0,0,0,0
PERÚ,PIURA,AYABACA,AYABACA,55413,IE SAN VICENTE TAPAL BAJO,Instalada,904011,Para envío al JEE,190,,,0.0,TAPAL,IE SAN VICENTE TAPAL BAJO,0,0,0,0,0,0,0,0,0,0,0,0,0,0,0,0,0,0,0,0,0,0,0,0,0,0,0,0,0,0,0,0,0,0,0,0,0,0,0,0,0
PERÚ,PIURA,AYABACA,FRIAS,15102,IE 14327,Instalada,904017,Para envío al JEE,279,,,0.0,SAN JORGE,IE 14327,0,0,0,0,0,0,0,0,0,0,0,0,0,0,0,0,0,0,0,0,0,0,0,0,0,0,0,0,0,0,0,0,0,0,0,0,0,0,0,0,0
PERÚ,PIURA,AYABACA,FRIAS,53618,IE 15306,Instalada,904026,Para envío al JEE,250,,,0.0,PECHUQUIZ,IE 15306,0,0,0,0,0,0,0,0,0,0,0,0,0,0,0,0,0,0,0,0,0,0,0,0,0,0,0,0,0,0,0,0,0,0,0,0,0,0,0,0,0
PERÚ,PIURA,AYABACA,PACAIPAMPA,7324,IE 14373 CUMBICUS ALTO,Instalada,904033,Para envío al JEE,217,,,0.0,CUMBICUS ALTO,IE 14373 CUMBICUS ALTO,0,0,0,0,0,0,0,0,0,0,0,0,0,0,0,0,0,0,0,0,0,0,0,0,0,0,0,0,0,0,0,0,0,0,0,0,0,0,0,0,0
PERÚ,PIURA,AYABACA,PACAIPAMPA,7324,IE 14373 CUMBICUS ALTO,Instalada,904034,Para envío al JEE,228,,,0.0,CUMBICUS ALTO,IE 14373 CUMBICUS ALTO,0,0,0,0,0,0,0,0,0,0,0,0,0,0,0,0,0,0,0,0,0,0,0,0,0,0,0,0,0,0,0,0,0,0,0,0,0,0,0,0,0
PERÚ,PIURA,AYABACA,PACAIPAMPA,7325,IE SAN VICENTE,Instalada,904038,Para envío al JEE,290,,,0.0,CURILCAS,IE SAN VICENTE,0,0,0,0,0,0,0,0,0,0,0,0,0,0,0,0,0,0,0,0,0,0,0,0,0,0,0,0,0,0,0,0,0,0,0,0,0,0,0,0,0
PERÚ,PIURA,AYABACA,PACAIPAMPA,7325,IE SAN VICENTE,Instalada,904040,Contabilizada,290,211,153,72.759,CURILCAS,IE SAN VICENTE,1,3,20,0,0,0,0,0,1,0,1,0,2,0,0,101,5,1,0,1,5,1,0,2,0,1,0,0,1,1,0,1,1,2,2,0,0,0,54,4,0
PERÚ,PIURA,AYABACA,PACAIPAMPA,7349,IE LAGUNA DE SAN PABLO,Instalada,904042,Contabilizada,225,160,37,71.111,LAGUNAS DE SAN PABLO,IE LAGUNA DE SAN PABLO,3,1,8,0,2,1,0,0,0,0,0,1,1,0,0,0,6,1,0,0,8,0,0,3,0,0,0,0,0,0,0,0,2,0,0,0,0,0,37,86,0
PERÚ,PIURA,AYABACA,PACAIPAMPA,53647,IE NANGAY,Instalada,904054,Contabilizada,245,156,93,63.673,NANGAY DE MATALACAS,IE NANGAY,0,0,1,0,0,0,0,0,1,0,0,0,2,0,1,56,12,0,0,0,12,2,0,0,0,0,0,0,2,0,1,2,0,0,0,0,0,1,49,14,0
PERÚ,PIURA,AYABACA,SAPILLICA,54189,IE 14398,Instalada,904062,Para envío al JEE,221,,,0.0,COLETAS,IE 14398,0,0,0,0,0,0,0,0,0,0,0,0,0,0,0,0,0,0,0,0,0,0,0,0,0,0,0,0,0,0,0,0,0,0,0,0,0,0,0,0,0
PERÚ,PUNO,CARABAYA,ITUATA,7328,IE CESAR VALLEJO MENDOZA,Instalada,904126,Para envío al JEE,228,,,0.0,UPINA,IE CESAR VALLEJO MENDOZA,0,0,0,0,0,0,0,0,0,0,0,0,0,0,0,0,0,0,0,0,0,0,0,0,0,0,0,0,0,0,0,0,0,0,0,0,0,0,0,0,0
PERÚ,PUNO,CARABAYA,ITUATA,7328,IE CESAR VALLEJO MENDOZA,Instalada,904127,Para envío al JEE,235,,,0.0,UPINA,IE CESAR VALLEJO MENDOZA,0,0,0,0,0,0,0,0,0,0,0,0,0,0,0,0,0,0,0,0,0,0,0,0,0,0,0,0,0,0,0,0,0,0,0,0,0,0,0,0,0
PERÚ,PUNO,CARABAYA,SAN GABAN,50221,IE 72741 LECHEMAYO,Instalada,904143,Para envío al JEE,285,,,0.0,LECHE MAYO,IE 72741 LECHEMAYO,0,0,0,0,0,0,0,0,0,0,0,0,0,0,0,0,0,0,0,0,0,0,0,0,0,0,0,0,0,0,0,0,0,0,0,0,0,0,0,0,0
PERÚ,SAN MARTIN,HUALLAGA,SAPOSOA,54472,IE 0204 JOSELITO LOPEZ TIRADO,Instalada,904366,Para envío al JEE,210,,,0.0,AGUA AZUL,IE 0204 JOSELITO LOPEZ TIRADO,0,0,0,0,0,0,0,0,0,0,0,0,0,0,0,0,0,0,0,0,0,0,0,0,0,0,0,0,0,0,0,0,0,0,0,0,0,0,0,0,0
PERÚ,SAN MARTIN,BELLAVISTA,SAN PABLO,7345,IE 0758 RICARDO PALMA SORIANO,Instalada,904374,Para envío al JEE,235,,,0.0,HUINGOYACU,IE 0758 RICARDO PALMA SORIANO,0,0,0,0,0,0,0,0,0,0,0,0,0,0,0,0,0,0,0,0,0,0,0,0,0,0,0,0,0,0,0,0,0,0,0,0,0,0,0,0,0
PERÚ,SAN MARTIN,BELLAVISTA,SAN PABLO,7345,IE 0758 RICARDO PALMA SORIANO,Instalada,904376,Para envío al JEE,267,,,0.0,HUINGOYACU,IE 0758 RICARDO PALMA SORIANO,0,0,0,0,0,0,0,0,0,0,0,0,0,0,0,0,0,0,0,0,0,0,0,0,0,0,0,0,0,0,0,0,0,0,0,0,0,0,0,0,0
PERÚ,SAN MARTIN,BELLAVISTA,ALTO BIAVO,50235,IE 0238 MANCO CAPAC,Instalada,904382,Para envío al JEE,237,,,0.0,INCAICO,IE 0238 MANCO CAPAC,0,0,0,0,0,0,0,0,0,0,0,0,0,0,0,0,0,0,0,0,0,0,0,0,0,0,0,0,0,0,0,0,0,0,0,0,0,0,0,0,0
PERÚ,SAN MARTIN,BELLAVISTA,ALTO BIAVO,50235,IE 0238 MANCO CAPAC,Instalada,904385,Para envío al JEE,252,,,0.0,INCAICO,IE 0238 MANCO CAPAC,0,0,0,0,0,0,0,0,0,0,0,0,0,0,0,0,0,0,0,0,0,0,0,0,0,0,0,0,0,0,0,0,0,0,0,0,0,0,0,0,0
PERÚ,SAN MARTIN,TOCACHE,NUEVO PROGRESO,50253,IE CIRO ALEGRIA BAZAN,Instalada,904407,Para envío al JEE,285,,,0.0,RAMAL DE ASPUZANA,IE CIRO ALEGRIA BAZAN,0,0,0,0,0,0,0,0,0,0,0,0,0,0,0,0,0,0,0,0,0,0,0,0,0,0,0,0,0,0,0,0,0,0,0,0,0,0,0,0,0
PERÚ,SAN MARTIN,MOYOBAMBA,MOYOBAMBA,4540,IE 00021 RICARDO PALMA,Instalada,904431,Para envío al JEE,268,,,0.0,PUEBLO LIBRE,IE 00021 RICARDO PALMA,0,0,0,0,0,0,0,0,0,0,0,0,0,0,0,0,0,0,0,0,0,0,0,0,0,0,0,0,0,0,0,0,0,0,0,0,0,0,0,0,0
PERÚ,SAN MARTIN,MOYOBAMBA,MOYOBAMBA,50247,IE SUGLLAQUIRO,Instalada,904444,Para envío al JEE,279,,,0.0,SUGLLAQUIRO,IE SUGLLAQUIRO,0,0,0,0,0,0,0,0,0,0,0,0,0,0,0,0,0,0,0,0,0,0,0,0,0,0,0,0,0,0,0,0,0,0,0,0,0,0,0,0,0
PERÚ,SAN MARTIN,MOYOBAMBA,MOYOBAMBA,50248,IE 00804,Instalada,904447,Para envío al JEE,207,,,0.0,VALLE LA CONQUISTA,IE 00804,0,0,0,0,0,0,0,0,0,0,0,0,0,0,0,0,0,0,0,0,0,0,0,0,0,0,0,0,0,0,0,0,0,0,0,0,0,0,0,0,0
PERÚ,SAN MARTIN,MOYOBAMBA,MOYOBAMBA,54520,IE 00910,Instalada,904449,Para envío al JEE,276,,,0.0,CORDILLERA ANDINA,IE 00910,0,0,0,0,0,0,0,0,0,0,0,0,0,0,0,0,0,0,0,0,0,0,0,0,0,0,0,0,0,0,0,0,0,0,0,0,0,0,0,0,0
PERÚ,SAN MARTIN,MOYOBAMBA,JEPELACIO,4547,IE 00512,Instalada,904457,Para envío al JEE,257,,,0.0,JERILLO,IE 00512,0,0,0,0,0,0,0,0,0,0,0,0,0,0,0,0,0,0,0,0,0,0,0,0,0,0,0,0,0,0,0,0,0,0,0,0,0,0,0,0,0
PERÚ,SAN MARTIN,MOYOBAMBA,SORITOR,50249,IE 00503 SAN MARCOS,Instalada,904474,Para envío al JEE,288,,,0.0,SAN MARCOS,IE 00503 SAN MARCOS,0,0,0,0,0,0,0,0,0,0,0,0,0,0,0,0,0,0,0,0,0,0,0,0,0,0,0,0,0,0,0,0,0,0,0,0,0,0,0,0,0
PERÚ,SAN MARTIN,LAMAS,PINTO RECODO,4566,IE 00532,Instalada,904500,Para envío al JEE,257,,,0.0,BETANIA,IE 00532,0,0,0,0,0,0,0,0,0,0,0,0,0,0,0,0,0,0,0,0,0,0,0,0,0,0,0,0,0,0,0,0,0,0,0,0,0,0,0,0,0
PERÚ,SAN MARTIN,LAMAS,PINTO RECODO,54519,IE 00186 JESUS DEL MONTE,Instalada,904508,Para envío al JEE,216,,,0.0,JESUS DEL MONTE,IE 00186 JESUS DEL MONTE,0,0,0,0,0,0,0,0,0,0,0,0,0,0,0,0,0,0,0,0,0,0,0,0,0,0,0,0,0,0,0,0,0,0,0,0,0,0,0,0,0
PERÚ,SAN MARTIN,SAN MARTIN,TARAPOTO,53604,IE 0026 SANTA ROSA DE CUMBAZA,Instalada,904548,Para envío al JEE,212,,,0.0,SANTA ROSA,IE 0026 SANTA ROSA DE CUMBAZA,0,0,0,0,0,0,0,0,0,0,0,0,0,0,0,0,0,0,0,0,0,0,0,0,0,0,0,0,0,0,0,0,0,0,0,0,0,0,0,0,0
PERÚ,SAN MARTIN,SAN MARTIN,CHAZUTA,50251,IE 0700 AGUANO MUYUNA,Instalada,904551,Para envío al JEE,241,,,0.0,AGUANO MUYUNA,IE 0700 AGUANO MUYUNA,0,0,0,0,0,0,0,0,0,0,0,0,0,0,0,0,0,0,0,0,0,0,0,0,0,0,0,0,0,0,0,0,0,0,0,0,0,0,0,0,0
PERÚ,SAN MARTIN,SAN MARTIN,CHAZUTA,50252,IE 0158 TUNUNTUNUMBA,Instalada,904556,Para envío al JEE,299,,,0.0,TUNUNTUNUMBA,IE 0158 TUNUNTUNUMBA,0,0,0,0,0,0,0,0,0,0,0,0,0,0,0,0,0,0,0,0,0,0,0,0,0,0,0,0,0,0,0,0,0,0,0,0,0,0,0,0,0
PERÚ,UCAYALI,ATALAYA,RAIMONDI,40932,IE AGROPECUARIA JUAN SANTOS ATAHUALPA,Instalada,904628,Para envío al JEE,260,,,0.0,OVENTENI,IE AGROPECUARIA JUAN SANTOS ATAHUALPA,0,0,0,0,0,0,0,0,0,0,0,0,0,0,0,0,0,0,0,0,0,0,0,0,0,0,0,0,0,0,0,0,0,0,0,0,0,0,0,0,0
PERÚ,UCAYALI,ATALAYA,RAIMONDI,40932,IE AGROPECUARIA JUAN SANTOS ATAHUALPA,Instalada,904631,Para envío al JEE,259,,,0.0,OVENTENI,IE AGROPECUARIA JUAN SANTOS ATAHUALPA,0,0,0,0,0,0,0,0,0,0,0,0,0,0,0,0,0,0,0,0,0,0,0,0,0,0,0,0,0,0,0,0,0,0,0,0,0,0,0,0,0
PERÚ,UCAYALI,ATALAYA,RAIMONDI,51833,IE 65117 OVENTENI,Instalada,904636,Para envío al JEE,265,,,0.0,OVENTENI,IE 65117 OVENTENI,0,0,0,0,0,0,0,0,0,0,0,0,0,0,0,0,0,0,0,0,0,0,0,0,0,0,0,0,0,0,0,0,0,0,0,0,0,0,0,0,0
PERÚ,UCAYALI,ATALAYA,RAIMONDI,55032,IE 65132 CARLOS HUAYANAY PANTOJA,Instalada,904643,Para envío al JEE,152,,,0.0,TYONI,IE 65132 CARLOS HUAYANAY PANTOJA,0,0,0,0,0,0,0,0,0,0,0,0,0,0,0,0,0,0,0,0,0,0,0,0,0,0,0,0,0,0,0,0,0,0,0,0,0,0,0,0,0
PERÚ,UCAYALI,ATALAYA,RAIMONDI,55034,IE 544,Instalada,904645,Para envío al JEE,233,,,0.0,CHINCHENI,IE 544,0,0,0,0,0,0,0,0,0,0,0,0,0,0,0,0,0,0,0,0,0,0,0,0,0,0,0,0,0,0,0,0,0,0,0,0,0,0,0,0,0
PERÚ,UCAYALI,ATALAYA,TAHUANIA,40934,IE AGROPECUARIO TUPAC AMARU - B,Instalada,904650,Para envío al JEE,261,,,0.0,TUPAC AMARU,IE AGROPECUARIO TUPAC AMARU - B,0,0,0,0,0,0,0,0,0,0,0,0,0,0,0,0,0,0,0,0,0,0,0,0,0,0,0,0,0,0,0,0,0,0,0,0,0,0,0,0,0
PERÚ,UCAYALI,ATALAYA,TAHUANIA,54831,IE 64170 NUEVA ITALIA,Instalada,904653,Para envío al JEE,285,,,0.0,NUEVA ITALIA,IE 64170 NUEVA ITALIA,0,0,0,0,0,0,0,0,0,0,0,0,0,0,0,0,0,0,0,0,0,0,0,0,0,0,0,0,0,0,0,0,0,0,0,0,0,0,0,0,0
PERÚ,UCAYALI,ATALAYA,TAHUANIA,55169,IE 64907-B - CCPP TONIRO MASHE,Instalada,904654,Para envío al JEE,120,,,0.0,TONIRO MASHE,IE 64907-B - CCPP TONIRO MASHE,0,0,0,0,0,0,0,0,0,0,0,0,0,0,0,0,0,0,0,0,0,0,0,0,0,0,0,0,0,0,0,0,0,0,0,0,0,0,0,0,0
PERÚ,UCAYALI,CORONEL PORTILLO,MASISEA,4909,IE AGROPECUARIO CAIMITO - B,Instalada,904666,Para envío al JEE,187,,,0.0,CAIMITO,IE AGROPECUARIO CAIMITO - B,0,0,0,0,0,0,0,0,0,0,0,0,0,0,0,0,0,0,0,0,0,0,0,0,0,0,0,0,0,0,0,0,0,0,0,0,0,0,0,0,0
